,main_sitemap,url
0,https://www.loopnet.com/sitemap_AllCityByPropertyTypePages.xml,https://www.loopnet.com/sitemap_CityByPropertyTypePages.xml
1,https://www.loopnet.com/sitemap_AllCityByPropertyTypePages.xml,https://www.loopnet.com/sitemap_CityByPropertyTypePages_2.xml
2,https://www.loopnet.com/sitemap_AllCityPages.xml,https://www.loopnet.com/sitemap_CityPages.xml
3,https://www.loopnet.com/sitemap_AllCountyPages.xml,https://www.loopnet.com/sitemap_CountyPages.xml
4,https://www.loopnet.com/sitemap_AllCACityPages.xml,https://www.loopnet.com/sitemap_CACityPages.xml
5,https://www.loopnet.com/sitemap_AllCACountryPages.xml,https://www.loopnet.com/sitemap_CACountryPages.xml
6,https://www.loopnet.com/sitemap_AllCAProvincePages.xml,https://www.loopnet.com/sitemap_CAProvincePages.xml
7,https://www.loopnet.com/sitemap_AllListing.xml,https://www.loopnet.com/sitemap_NewListings.xml
8,https://www.loopnet.com/sitemap_AllListing.xml,https://www.loopnet.com/sitemap_Listing_4.xml
9,https://www.loopnet.com/sitemap_AllListing.xml,https://www.loopnet.com/sitemap_Listing.xml
10,https://www.loopnet.com/sitemap_AllListing.xml,https://www.loopnet.com/sitemap_Listing_5.xml
11,https://www.loopnet.com/sitemap_AllListing.xml,https://www.loopnet.com/sitemap_Listing_2.xml
12,https://www.loopnet.com/sitemap_AllListing.xml,https://www.loopnet.com/sitemap_Listing_6.xml
13,https://www.loopnet.com/sitemap_AllListing.xml,https://www.loopnet.com/sitemap_Listing_3.xml
14,https://www.loopnet.com/sitemap_AllListing.xml,https://www.loopnet.com/sitemap_Listing_7.xml
15,https://www.loopnet.com/sitemap_AllPropertyTypePages.xml,https://www.loopnet.com/sitemap_PropertyTypePages.xml
16,https://www.loopnet.com/sitemap_AllStatePages.xml,https://www.loopnet.com/sitemap_StatePages.xml
17,https://www.loopnet.com/sitemap_AllArticles.xml,https://www.loopnet.com/sitemap_Articles.xml
18,https://www.loopnet.com/sitemap_AllNews.xml,https://www.loopnet.com/sitemap_News.xml
19,https://www.loopnet.com/sitemap_AllStateByPropertyTypePages.xml,https://www.loopnet.com/sitemap_StateByPropertyTypePages.xml
20,https://www.loopnet.com/sitemap_AllCountyByPropertyTypePages.xml,https://www.loopnet.com/sitemap_CountyByPropertyTypePages.xml
21,https://www.loopnet.com/sitemap_AllNeighborhoodPages.xml,https://www.loopnet.com/sitemap_NeighborhoodPages.xml
22,https://www.loopnet.com/sitemap_AllBrokerDirectoryByCity.xml,https://www.loopnet.com/sitemap_BrokerDirectoryByCity.xml
23,https://www.loopnet.com/sitemap_AllBrokerDirectoryByState.xml,https://www.loopnet.com/sitemap_BrokerDirectoryByState.xml
24,https://www.loopnet.com/sitemap_AllBrokerProfiles.xml,https://www.loopnet.com/sitemap_BrokerProfiles_71.xml
25,https://www.loopnet.com/sitemap_AllBrokerProfiles.xml,https://www.loopnet.com/sitemap_BrokerProfiles_70.xml
26,https://www.loopnet.com/sitemap_AllBrokerProfiles.xml,https://www.loopnet.com/sitemap_BrokerProfiles_69.xml
27,https://www.loopnet.com/sitemap_AllBrokerProfiles.xml,https://www.loopnet.com/sitemap_BrokerProfiles_68.xml
28,https://www.loopnet.com/sitemap_AllBrokerProfiles.xml,https://www.loopnet.com/sitemap_BrokerProfiles_67.xml
29,https://www.loopnet.com/sitemap_AllBrokerProfiles.xml,https://www.loopnet.com/sitemap_BrokerProfiles_66.xml
30,https://www.loopnet.com/sitemap_AllBrokerProfiles.xml,https://www.loopnet.com/sitemap_BrokerProfiles_65.xml
31,https://www.loopnet.com/sitemap_AllBrokerProfiles.xml,https://www.loopnet.com/sitemap_BrokerProfiles_64.xml
32,https://www.loopnet.com/sitemap_AllBrokerProfiles.xml,https://www.loopnet.com/sitemap_BrokerProfiles_63.xml
33,https://www.loopnet.com/sitemap_AllBrokerProfiles.xml,https://www.loopnet.com/sitemap_BrokerProfiles_62.xml
34,https://www.loopnet.com/sitemap_AllBrokerProfiles.xml,https://www.loopnet.com/sitemap_BrokerProfiles_61.xml
35,https://www.loopnet.com/sitemap_AllBrokerProfiles.xml,https://www.loopnet.com/sitemap_BrokerProfiles_60.xml
36,https://www.loopnet.com/sitemap_AllBrokerProfiles.xml,https://www.loopnet.com/sitemap_BrokerProfiles_59.xml
37,https://www.loopnet.com/sitemap_AllBrokerProfiles.xml,https://www.loopnet.com/sitemap_BrokerProfiles_58.xml
38,https://www.loopnet.com/sitemap_AllBrokerProfiles.xml,https://www.loopnet.com/sitemap_BrokerProfiles_57.xml
39,https://www.loopnet.com/sitemap_AllBrokerProfiles.xml,https://www.loopnet.com/sitemap_BrokerProfiles_56.xml
40,https://www.loopnet.com/sitemap_AllBrokerProfiles.xml,https://www.loopnet.com/sitemap_BrokerProfiles_55.xml
41,https://www.loopnet.com/sitemap_AllBrokerProfiles.xml,https://www.loopnet.com/sitemap_BrokerProfiles_54.xml
42,https://www.loopnet.com/sitemap_AllBrokerProfiles.xml,https://www.loopnet.com/sitemap_BrokerProfiles_53.xml
43,https://www.loopnet.com/sitemap_AllBrokerProfiles.xml,https://www.loopnet.com/sitemap_BrokerProfiles_52.xml
44,https://www.loopnet.com/sitemap_AllBrokerProfiles.xml,https://www.loopnet.com/sitemap_BrokerProfiles_51.xml
45,https://www.loopnet.com/sitemap_AllBrokerProfiles.xml,https://www.loopnet.com/sitemap_BrokerProfiles_50.xml
46,https://www.loopnet.com/sitemap_AllBrokerProfiles.xml,https://www.loopnet.com/sitemap_BrokerProfiles_49.xml
47,https://www.loopnet.com/sitemap_AllBrokerProfiles.xml,https://www.loopnet.com/sitemap_BrokerProfiles_48.xml
48,https://www.loopnet.com/sitemap_AllBrokerProfiles.xml,https://www.loopnet.com/sitemap_BrokerProfiles_47.xml
49,https://www.loopnet.com/sitemap_AllBrokerProfiles.xml,https://www.loopnet.com/sitemap_BrokerProfiles_46.xml
50,https://www.loopnet.com/sitemap_AllBrokerProfiles.xml,https://www.loopnet.com/sitemap_BrokerProfiles_45.xml
51,https://www.loopnet.com/sitemap_AllBrokerProfiles.xml,https://www.loopnet.com/sitemap_BrokerProfiles_44.xml
52,https://www.loopnet.com/sitemap_AllBrokerProfiles.xml,https://www.loopnet.com/sitemap_BrokerProfiles_43.xml
53,https://www.loopnet.com/sitemap_AllBrokerProfiles.xml,https://www.loopnet.com/sitemap_BrokerProfiles_42.xml
54,https://www.loopnet.com/sitemap_AllBrokerProfiles.xml,https://www.loopnet.com/sitemap_BrokerProfiles_41.xml
55,https://www.loopnet.com/sitemap_AllBrokerProfiles.xml,https://www.loopnet.com/sitemap_BrokerProfiles_40.xml
56,https://www.loopnet.com/sitemap_AllBrokerProfiles.xml,https://www.loopnet.com/sitemap_BrokerProfiles_39.xml
57,https://www.loopnet.com/sitemap_AllBrokerProfiles.xml,https://www.loopnet.com/sitemap_BrokerProfiles_38.xml
58,https://www.loopnet.com/sitemap_AllBrokerProfiles.xml,https://www.loopnet.com/sitemap_BrokerProfiles_37.xml
59,https://www.loopnet.com/sitemap_AllBrokerProfiles.xml,https://www.loopnet.com/sitemap_BrokerProfiles_36.xml
60,https://www.loopnet.com/sitemap_AllBrokerProfiles.xml,https://www.loopnet.com/sitemap_BrokerProfiles_35.xml
61,https://www.loopnet.com/sitemap_AllBrokerProfiles.xml,https://www.loopnet.com/sitemap_BrokerProfiles_34.xml
62,https://www.loopnet.com/sitemap_AllBrokerProfiles.xml,https://www.loopnet.com/sitemap_BrokerProfiles_33.xml
63,https://www.loopnet.com/sitemap_AllBrokerProfiles.xml,https://www.loopnet.com/sitemap_BrokerProfiles_32.xml
64,https://www.loopnet.com/sitemap_AllBrokerProfiles.xml,https://www.loopnet.com/sitemap_BrokerProfiles_31.xml
65,https://www.loopnet.com/sitemap_AllBrokerProfiles.xml,https://www.loopnet.com/sitemap_BrokerProfiles_30.xml
66,https://www.loopnet.com/sitemap_AllBrokerProfiles.xml,https://www.loopnet.com/sitemap_BrokerProfiles_29.xml
67,https://www.loopnet.com/sitemap_AllBrokerProfiles.xml,https://www.loopnet.com/sitemap_BrokerProfiles_28.xml
68,https://www.loopnet.com/sitemap_AllBrokerProfiles.xml,https://www.loopnet.com/sitemap_BrokerProfiles_27.xml
69,https://www.loopnet.com/sitemap_AllBrokerProfiles.xml,https://www.loopnet.com/sitemap_BrokerProfiles_26.xml
70,https://www.loopnet.com/sitemap_AllBrokerProfiles.xml,https://www.loopnet.com/sitemap_BrokerProfiles_25.xml
71,https://www.loopnet.com/sitemap_AllBrokerProfiles.xml,https://www.loopnet.com/sitemap_BrokerProfiles_24.xml
72,https://www.loopnet.com/sitemap_AllBrokerProfiles.xml,https://www.loopnet.com/sitemap_BrokerProfiles_23.xml
73,https://www.loopnet.com/sitemap_AllBrokerProfiles.xml,https://www.loopnet.com/sitemap_BrokerProfiles_22.xml
74,https://www.loopnet.com/sitemap_AllBrokerProfiles.xml,https://www.loopnet.com/sitemap_BrokerProfiles_21.xml
75,https://www.loopnet.com/sitemap_AllBrokerProfiles.xml,https://www.loopnet.com/sitemap_BrokerProfiles_20.xml
76,https://www.loopnet.com/sitemap_AllBrokerProfiles.xml,https://www.loopnet.com/sitemap_BrokerProfiles_19.xml
77,https://www.loopnet.com/sitemap_AllBrokerProfiles.xml,https://www.loopnet.com/sitemap_BrokerProfiles_18.xml
78,https://www.loopnet.com/sitemap_AllBrokerProfiles.xml,https://www.loopnet.com/sitemap_BrokerProfiles_17.xml
79,https://www.loopnet.com/sitemap_AllBrokerProfiles.xml,https://www.loopnet.com/sitemap_BrokerProfiles_16.xml
80,https://www.loopnet.com/sitemap_AllBrokerProfiles.xml,https://www.loopnet.com/sitemap_BrokerProfiles_15.xml
81,https://www.loopnet.com/sitemap_AllBrokerProfiles.xml,https://www.loopnet.com/sitemap_BrokerProfiles_14.xml
82,https://www.loopnet.com/sitemap_AllBrokerProfiles.xml,https://www.loopnet.com/sitemap_BrokerProfiles_13.xml
83,https://www.loopnet.com/sitemap_AllBrokerProfiles.xml,https://www.loopnet.com/sitemap_BrokerProfiles_12.xml
84,https://www.loopnet.com/sitemap_AllBrokerProfiles.xml,https://www.loopnet.com/sitemap_BrokerProfiles_11.xml
85,https://www.loopnet.com/sitemap_AllBrokerProfiles.xml,https://www.loopnet.com/sitemap_BrokerProfiles_10.xml
86,https://www.loopnet.com/sitemap_AllBrokerProfiles.xml,https://www.loopnet.com/sitemap_BrokerProfiles_9.xml
87,https://www.loopnet.com/sitemap_AllBrokerProfiles.xml,https://www.loopnet.com/sitemap_BrokerProfiles_8.xml
88,https://www.loopnet.com/sitemap_AllBrokerProfiles.xml,https://www.loopnet.com/sitemap_BrokerProfiles_7.xml
89,https://www.loopnet.com/sitemap_AllBrokerProfiles.xml,https://www.loopnet.com/sitemap_BrokerProfiles_6.xml
90,https://www.loopnet.com/sitemap_AllBrokerProfiles.xml,https://www.loopnet.com/sitemap_BrokerProfiles_5.xml
91,https://www.loopnet.com/sitemap_AllBrokerProfiles.xml,https://www.loopnet.com/sitemap_BrokerProfiles_4.xml
92,https://www.loopnet.com/sitemap_AllBrokerProfiles.xml,https://www.loopnet.com/sitemap_BrokerProfiles_3.xml
93,https://www.loopnet.com/sitemap_AllBrokerProfiles.xml,https://www.loopnet.com/sitemap_BrokerProfiles_2.xml
94,https://www.loopnet.com/sitemap_AllBrokerProfiles.xml,https://www.loopnet.com/sitemap_BrokerProfiles.xml
95,https://www.loopnet.com/sitemap_AllNeighborhoodByPropertyTypePages.xml,https://www.loopnet.com/sitemap_NeighborhoodByPropertyTypePages.xml
96,https://www.loopnet.com/sitemap_AllNeighborhoodByPropertyTypePages.xml,https://www.loopnet.com/sitemap_NeighborhoodByPropertyTypePages_2.xml
